index,name,x,y,total_roughness,n_notes
0,Diada-m2-0,5.496008,-15.547204,13.286725,2
1,Diada-M2-0,12.446333,-11.118917,13.520008,2
2,Diada-m3-0,-9.132072,-1.531057,13.486620,2
3,Diada-M3-0,5.949939,7.014927,13.410841,2
4,Diada-P4-0,12.362966,-1.652720,13.325424,2
5,Diada-TT-0,-4.842327,-12.740192,13.235979,2
6,Diada-P5-0,11.149978,-5.837186,12.876864,2
7,Diada-m6-0,-1.345878,3.575740,12.784310,2
8,Diada-M6-0,4.603158,-4.347756,12.501567,2
9,Diada-m7-0,1.283645,-13.737838,12.234874,2
10,Diada-M7-0,6.986940,-10.637616,11.743872,2
11,Diada-P8-0,0.166358,-7.349004,11.026751,2
12,Diada-m2-1,5.487848,-15.512138,13.248273,2
13,Diada-M2-1,12.414145,-11.095308,13.476710,2
14,Diada-m3-1,-9.069634,-1.540299,13.422473,2
15,Diada-M3-1,5.902923,6.943899,13.322928,2
16,Diada-P4-1,12.210107,-1.618100,13.213556,2
17,Diada-TT-1,-4.795505,-12.592929,13.101794,2
18,Diada-P5-1,10.864214,-5.787382,12.707852,2
19,Diada-m6-1,-1.271482,3.429067,12.598809,2
20,Diada-M6-1,4.454753,-4.260180,12.292723,2
21,Diada-m7-1,1.325674,-13.414399,12.008158,2
22,Diada-M7-1,6.770976,-10.373146,11.491731,2
23,Diada-P8-1,0.196990,-7.077605,10.741105,2
24,Diada-m2-2,5.473566,-15.450313,13.180606,2
25,Diada-M2-2,12.360786,-11.056319,13.405099,2
26,Diada-m3-2,-8.980584,-1.553625,13.330473,2
27,Diada-M3-2,5.842971,6.851171,13.207846,2
28,Diada-P4-2,12.019614,-1.576012,13.075560,2
29,Diada-TT-2,-4.739781,-12.418333,12.943058,2
30,Diada-P5-2,10.544049,-5.724370,12.515603,2
31,Diada-m6-2,-1.190137,3.268829,12.392644,2
32,Diada-M6-2,4.303968,-4.177601,12.065625,2
33,Diada-m7-2,1.371952,-13.073051,11.766016,2
34,Diada-M7-2,6.550859,-10.109863,11.226666,2
35,Diada-P8-2,0.228285,-6.819809,10.444486,2
36,Diada-m2-3,5.453278,-15.361918,13.084112,2
37,Diada-M2-3,12.286497,-11.002361,13.305754,2
38,Diada-m3-3,-8.866165,-1.570999,13.211397,2
39,Diada-M3-3,5.771756,6.737659,13.066573,2
40,Diada-P4-3,11.792121,-1.527516,12.912624,2
41,Diada-TT-3,-4.675407,-12.217937,12.761173,2
42,Diada-P5-3,10.196399,-5.645207,12.301692,2
43,Diada-m6-3,-1.103017,3.097192,12.167565,2
44,Diada-M6-3,4.152595,-4.099517,11.822123,2
45,Diada-m7-3,1.419291,-12.720000,11.510359,2
46,Diada-M7-3,6.328454,-9.848116,10.950572,2
47,Diada-P8-3,0.260441,-6.575025,10.138684,2
48,Diada-m2-4,5.427288,-15.247285,12.959473,2
49,Diada-M2-4,12.191665,-10.934011,13.179541,2
50,Diada-m3-4,-8.727964,-1.592368,13.066291,2
51,Diada-M3-4,5.691165,6.604427,12.900346,2
52,Diada-P4-4,11.528715,-1.474117,12.726165,2
53,Diada-TT-4,-4.602637,-11.993664,12.557740,2
54,Diada-P5-4,9.828507,-5.547072,12.067855,2
55,Diada-m6-4,-1.011353,2.916354,11.925439,2
56,Diada-M6-4,4.002255,-4.025678,11.564139,2
57,Diada-m7-4,1.464162,-12.360995,11.243113,2
58,Diada-M7-4,6.105464,-9.588252,10.665316,2
59,Diada-P8-4,0.293595,-6.342980,9.825420,2
60,Diada-m2-5,5.396076,-15.106868,12.807656,2
61,Diada-M2-5,12.076811,-10.851994,13.027595,2
62,Diada-m3-5,-8.567844,-1.617658,12.896459,2
63,Diada-M3-5,5.603167,6.452657,12.710634,2
64,Diada-P4-5,11.231103,-1.417817,12.517806,2
65,Diada-TT-5,-4.521721,-11.747848,12.334533,2
66,Diada-P5-5,9.447071,-5.427963,11.815960,2
67,Diada-m6-5,-0.916390,2.728478,11.668218,2
68,Diada-M6-5,3.854332,-3.955988,11.293629,2
69,Diada-m7-5,1.503544,-12.000593,10.966192,2
70,Diada-M7-5,5.883381,-9.330876,10.372708,2
71,Diada-P8-5,0.327792,-6.123484,9.506321,2
72,Diada-m2-6,5.359075,-14.941620,12.629899,2
73,Diada-M2-6,11.942583,-10.757153,12.851307,2
74,Diada-m3-6,-8.387875,-1.646770,12.703436,2
75,Diada-M3-6,5.509699,6.283620,12.499114,2
76,Diada-P4-6,10.901748,-1.361067,12.289345,2
77,Diada-TT-6,-4.432907,-11.483244,12.093462,2
78,Diada-P5-6,9.058049,-5.287326,11.547972,2
79,Diada-m6-6,-0.819352,2.535641,11.397906,2
80,Diada-M6-6,3.709972,-3.890435,11.012554,2
81,Diada-m7-6,1.535601,-11.641971,10.681473,2
82,Diada-M7-6,5.663516,-9.076945,10.074485,2
83,Diada-P8-6,0.362990,-5.916345,9.182905,2
84,Diada-m2-7,5.317227,-14.752091,12.427690,2
85,Diada-M2-7,11.789743,-10.650401,12.652293,2
86,Diada-m3-7,-8.190258,-1.679580,12.488963,2
87,Diada-M3-7,5.412558,6.098658,12.267640,2
88,Diada-P4-7,10.543938,-1.306623,12.042721,2
89,Diada-TT-7,-4.336462,-11.202997,11.836542,2
90,Diada-P5-7,8.667168,-5.126406,11.265919,2
91,Diada-m6-7,-0.721402,2.339779,11.116528,2
92,Diada-M6-7,3.570096,-3.829047,10.722851,2
93,Diada-m7-7,1.559957,-11.287255,10.390765,2
94,Diada-M7-7,5.447041,-8.827721,9.772286,2
95,Diada-P8-7,0.399081,-5.721324,8.856578,2
96,Diada-m2-8,5.270296,-14.539264,12.202743,2
97,Diada-M2-8,11.619153,-10.532670,12.432369,2
98,Diada-m3-8,-7.977270,-1.715924,12.254953,2
99,Diada-M3-8,5.313321,5.899180,12.018208,2
100,Diada-P4-8,10.161749,-1.257275,11.779981,2
101,Diada-TT-8,-4.232698,-10.910564,11.565858,2
102,Diada-P5-8,8.280527,-4.948158,10.971858,2
103,Diada-m6-8,-0.623610,2.142654,10.826096,2
104,Diada-M6-8,3.435429,-3.771852,10.426404,2
105,Diada-m7-8,1.577593,-10.938024,10.095795,2
106,Diada-M7-8,5.235024,-8.584631,9.467646,2
107,Diada-P8-8,0.435913,-5.538124,8.528626,2
108,Diada-m2-9,5.217692,-14.304204,11.956962,2
109,Diada-M2-9,11.431749,-10.404842,12.193512,2
110,Diada-m3-9,-7.751195,-1.755599,12.003452,2
111,Diada-M3-9,5.213302,5.686655,11.752918,2
112,Diada-P4-9,9.759925,-1.215533,11.503238,2
113,Diada-TT-9,-4.122018,-10.609580,11.283522,2
114,Diada-P5-9,7.904516,-4.756507,10.667842,2
115,Diada-m6-9,-0.526927,1.945830,10.528581,2
116,Diada-M6-9,3.306518,-3.718852,10.125026,2
117,Diada-m7-9,1.590516,-10.595710,9.798187,2
118,Diada-M7-9,5.028418,-8.349070,9.161985,2
119,Diada-P8-9,0.473302,-5.366393,8.200215,2
120,Diada-m2-10,5.158938,-14.047795,11.692408,2
121,Diada-M2-10,11.228519,-10.267688,11.937825,2
122,Diada-m3-10,-7.514286,-1.798356,11.736604,2
123,Diada-M3-10,5.113531,5.462609,11.473936,2
124,Diada-P4-10,9.343728,-1.183317,11.214637,2
125,Diada-TT-10,-4.004954,-10.303687,10.991648,2
126,Diada-P5-10,7.544675,-4.554756,10.355889,2
127,Diada-m6-10,-0.432171,1.750658,10.225887,2
128,Diada-M6-10,3.183754,-3.670006,9.820431,2
129,Diada-m7-10,1.601356,-10.261730,9.499452,2
130,Diada-M7-10,4.828012,-8.122197,8.856603,2
131,Diada-P8-10,0.511045,-5.205723,7.872393,2
132,Diada-m2-11,5.092656,-13.770943,11.411258,2
133,Diada-M2-11,11.010458,-10.121782,11.667493,2
134,Diada-m3-11,-7.268719,-1.843893,11.456610,2
135,Diada-M3-11,5.014764,5.228612,11.183455,2
136,Diada-P4-11,8.918819,-1.161726,10.916319,2
137,Diada-TT-11,-3.882199,-9.996342,10.692312,2
138,Diada-P5-11,7.203704,-4.343052,10.037954,2
139,Diada-m6-11,-0.340016,1.558285,9.919831,2
140,Diada-M6-11,3.067384,-3.625229,9.514225,2
141,Diada-m7-11,1.612963,-9.937379,9.200978,2
142,Diada-M7-11,4.634372,-7.904774,8.552679,2
143,Diada-P8-11,0.548929,-5.055660,7.546099,2
144,Maj-fund-0,-8.142471,16.299471,39.353996,3
145,Maj-inv1-0,-16.743239,7.103344,39.183554,3
146,Maj-inv2-0,17.618425,7.532793,38.537625,3
147,Min-fund-0,-8.468190,16.180568,39.430057,3
148,Min-inv1-0,17.417478,7.980549,38.638572,3
149,Min-inv2-0,-16.593263,7.196367,39.006193,3
150,Dim-fund-0,-17.218724,-6.036090,39.933996,3
151,Dim-inv1-0,-15.602776,-11.818855,38.749360,3
152,Dim-inv2-0,-15.212817,-12.155666,38.440982,3
153,Aug-fund-0,5.328223,15.605118,39.095497,3
154,Aug-inv1-0,5.328223,15.605118,39.095497,3
155,Aug-inv2-0,5.328223,15.605118,39.095497,3
156,Maj-fund-1,-7.991501,16.072767,38.927240,3
157,Maj-inv1-1,-16.509613,6.946661,38.747446,3
158,Maj-inv2-1,17.385486,7.338721,38.005393,3
159,Min-fund-1,-8.398561,15.929914,39.030671,3
160,Min-inv1-1,17.151761,7.873839,38.133458,3
161,Min-inv2-1,-16.312106,7.057972,38.515801,3
162,Dim-fund-1,-17.031327,-5.986004,39.590558,3
163,Dim-inv1-1,-15.398191,-11.634425,38.272936,3
164,Dim-inv2-1,-14.921640,-12.026874,37.883481,3
165,Aug-fund-1,5.268480,15.357253,38.632371,3
166,Aug-inv1-1,5.268480,15.357253,38.632371,3
167,Aug-inv2-1,5.268480,15.357253,38.632371,3
168,Maj-fund-2,-7.822723,15.800807,38.426885,3
169,Maj-inv1-2,-16.232609,6.773537,38.240923,3
170,Maj-inv2-2,17.119172,7.129371,37.408825,3
171,Min-fund-2,-8.304878,15.636453,38.556710,3
172,Min-inv1-2,16.856700,7.742499,37.562815,3
173,Min-inv2-2,-15.989067,6.898676,37.957167,3
174,Dim-fund-2,-16.801005,-5.928493,39.169990,3
175,Dim-inv1-2,-15.157221,-11.434792,37.730630,3
176,Dim-inv2-2,-14.602897,-11.874372,37.263636,3
177,Aug-fund-2,5.198137,15.073719,38.099604,3
178,Aug-inv1-2,5.198137,15.073719,38.099604,3
179,Aug-inv2-2,5.198137,15.073719,38.099604,3
180,Maj-fund-3,-7.637846,15.484518,37.857228,3
181,Maj-inv1-3,-15.914199,6.585032,37.668307,3
182,Maj-inv2-3,16.821459,6.906992,36.752955,3
183,Min-fund-3,-8.187615,15.301600,38.012203,3
184,Min-inv1-3,16.534301,7.588563,36.931418,3
185,Min-inv2-3,-15.625107,6.720763,37.335141,3
186,Dim-fund-3,-16.528737,-5.865050,38.676006,3
187,Dim-inv1-3,-14.882397,-11.220478,37.126982,3
188,Dim-inv2-3,-14.259767,-11.698473,36.586748,3
189,Aug-fund-3,5.117451,14.756848,37.501779,3
190,Aug-inv1-3,5.117451,14.756848,37.501779,3
191,Aug-inv2-3,5.117451,14.756848,37.501779,3
192,Maj-fund-4,-7.437312,15.125625,37.223154,3
193,Maj-inv1-4,-15.556034,6.382840,37.034451,3
194,Maj-inv2-4,16.494335,6.673873,36.043222,3
195,Min-fund-4,-8.047771,14.926526,37.401787,3
196,Min-inv1-4,16.186420,7.414352,36.244466,3
197,Min-inv2-4,-15.221454,6.526338,36.655055,3
198,Dim-fund-4,-16.215765,-5.797456,38.112994,3
199,Dim-inv1-4,-14.576907,-10.991164,36.466973,3
200,Dim-inv2-4,-13.895583,-11.499426,35.858483,3
201,Aug-fund-4,5.026755,14.409254,36.843993,3
202,Aug-inv1-4,5.026755,14.409254,36.843993,3
203,Aug-inv2-4,5.026755,14.409254,36.843993,3
204,Maj-fund-5,-7.222810,14.725299,36.530046,3
205,Maj-inv1-5,-15.159912,6.168852,36.344657,3
206,Maj-inv2-5,16.139822,6.432374,35.285371,3
207,Min-fund-5,-7.886148,14.512650,36.730628,3
208,Min-inv1-5,15.814989,7.222162,35.507500,3
209,Min-inv2-5,-14.779509,6.317568,35.922628,3
210,Dim-fund-5,-15.863629,-5.727767,37.485944,3
211,Dim-inv1-5,-14.244153,-10.746395,35.755945,3
212,Dim-inv2-5,-13.513731,-11.277584,35.084771,3
213,Aug-fund-5,4.926445,14.033804,36.131770,3
214,Aug-inv1-5,4.926445,14.033804,36.131770,3
215,Aug-inv2-5,4.926445,14.033804,36.131770,3
216,Maj-fund-6,-6.995286,14.285277,35.783691,3
217,Maj-inv1-6,-14.727852,5.945029,35.604580,3
218,Maj-inv2-6,15.759973,6.184830,34.485354,3
219,Min-fund-6,-7.703855,14.061355,36.004327,3
220,Min-inv1-6,15.422013,7.014224,34.726305,3
221,Min-inv2-6,-14.300830,6.096690,35.143861,3
222,Dim-fund-6,-15.474231,-5.658289,36.800350,3
223,Dim-inv1-6,-13.887629,-10.485830,34.999512,3
224,Dim-inv2-6,-13.117503,-11.033525,34.271701,3
225,Aug-fund-6,4.816978,13.633574,35.370956,3
226,Aug-inv1-6,4.816978,13.633574,35.370956,3
227,Aug-inv2-6,4.816978,13.633574,35.370956,3
228,Maj-fund-7,-6.755891,13.807359,34.990170,3
229,Maj-inv1-7,-14.262122,5.713355,34.820128,3
230,Maj-inv2-7,15.356821,5.933473,33.649230,3
231,Min-fund-7,-7.502165,13.574101,35.228819,3
232,Min-inv1-7,15.009547,6.792649,33.906810,3
233,Min-inv2-7,-13.787152,5.865944,34.324935,3
234,Dim-fund-7,-15.049922,-5.591529,36.062110,3
235,Dim-inv1-7,-13.510806,-10.209447,34.203462,3
236,Dim-inv2-7,-12.709998,-10.768108,33.425418,3
237,Aug-fund-7,4.698864,13.211810,34.567624,3
238,Aug-inv1-7,4.698864,13.211810,34.567624,3
239,Aug-inv2-7,4.698864,13.211810,34.567624,3
240,Maj-fund-8,-6.505418,13.293865,34.155752,3
241,Maj-inv1-8,-13.765248,5.475823,33.997368,3
242,Maj-inv2-8,14.932286,5.680421,32.783070,3
243,Min-fund-8,-7.282548,13.052503,34.410266,3
244,Min-inv1-8,14.579685,6.559327,33.054998,3
245,Min-inv2-8,-13.240457,5.627455,33.472102,3
246,Dim-fund-8,-14.593599,-5.530121,35.277420,3
247,Dim-inv1-8,-13.117001,-9.917802,33.373669,3
248,Dim-inv2-8,-12.294076,-10.482486,32.552030,3
249,Aug-fund-8,4.572646,12.771861,33.727963,3
250,Aug-inv1-8,4.572646,12.771861,33.727963,3
251,Aug-inv2-8,4.572646,12.771861,33.727963,3
252,Maj-fund-9,-6.245315,12.747195,33.286786,3
253,Maj-inv1-9,-13.240001,5.234427,33.142418,3
254,Maj-inv2-9,14.488077,5.427747,31.892858,3
255,Min-fund-9,-7.046478,12.498673,33.554952,3
256,Min-inv1-9,14.134591,6.315782,32.176808,3
257,Min-inv2-9,-12.663173,5.382936,32.591587,3
258,Dim-fund-9,-14.108810,-5.476700,34.452659,3
259,Dim-inv1-9,-12.709237,-9.612341,32.516000,3
260,Dim-inv2-9,-11.872440,-10.178104,31.657511,3
261,Aug-fund-9,4.438884,12.317107,32.858184,3
262,Aug-inv1-9,4.438884,12.317107,32.858184,3
263,Aug-inv2-9,4.438884,12.317107,32.858184,3
264,Maj-fund-10,-5.977237,12.170637,32.389593,3
265,Maj-inv1-10,-12.689348,4.991175,32.261356,3
266,Maj-inv2-10,14.025700,5.177671,30.984414,3
267,Min-fund-10,-6.795767,11.915421,32.669178,3
268,Min-inv1-10,13.676670,6.063018,31.278055,3
269,Min-inv2-10,-12.059230,5.132768,31.689488,3
270,Dim-fund-10,-13.599828,-5.433700,33.594278,3
271,Dim-inv1-10,-12.290162,-9.295837,31.636233,3
272,Dim-inv2-10,-11.447914,-9.856985,30.747627,3
273,Aug-fund-10,4.298137,11.850850,31.964418,3
274,Aug-inv1-10,4.298137,11.850850,31.964418,3
275,Aug-inv2-10,4.298137,11.850850,31.964418,3
276,Maj-fund-11,-5.703844,11.569460,31.470372,3
277,Maj-inv1-11,-12.116281,4.748181,31.360129,3
278,Maj-inv2-11,13.547287,4.932431,30.063314,3
279,Min-fund-11,-6.532192,11.307705,31.759159,3
280,Min-inv1-11,13.209028,5.801662,30.364346,3
281,Min-inv2-11,-11.443074,4.876053,30.771698,3
282,Dim-fund-11,-13.071678,-5.403011,32.708690,3
283,Dim-inv1-11,-11.862150,-8.972980,30.739974,3
284,Dim-inv2-11,-11.023259,-9.523888,29.827858,3
285,Aug-fund-11,4.150960,11.376177,31.052632,3
286,Aug-inv1-11,4.150960,11.376177,31.052632,3
287,Aug-inv2-11,4.150960,11.376177,31.052632,3
